tour_name,location,duration_days,price_per_person,start_date,max_participants,end_date,username,age,state,real_name,email
Mysterious Mission,Tokyo,4,1549.37,2025-09-09 07:16:02.685396,12,2025-09-13 07:16:02.685396,xtreme_warrior,55,Nevada,Ali Rios,xtreme_warrior@live.com
Stunning Saga,Berlin,4,1319.59,2025-02-14 07:16:02.687788,6,2025-02-18 07:16:02.687788,cyber_z,62,Utah,Salome Nieto,cyber_z@outlook.com
Breathtaking Excursion,Amsterdam,5,1931.39,2025-03-14 07:16:02.687819,7,2025-03-19 07:16:02.687819,mighty_zero,38,West Virginia,Sebastian Orozco,mighty_zero@yahoo.com
Mysterious Pursuit,Cancun,2,1215.68,2025-02-17 07:16:02.687826,7,2025-02-19 07:16:02.687826,boss_force,65,Missouri,Janetzy Chavez,boss_force@gmail.com
Uncharted Journey,Machu Picchu,5,677.51,2025-06-17 07:16:02.687832,25,2025-06-22 07:16:02.687832,cool_elite,41,Montana,Claudia Acosta,cool_elite@live.com
Serene Saga,Machu Picchu,4,824.89,2025-07-15 07:16:02.687837,16,2025-07-19 07:16:02.687837,thunder_123,51,Connecticut,Sofia Mendoza,thunder_123@live.com
Radiant Excursion,Maldives,1,434.1,2025-07-12 07:16:02.687843,18,2025-07-13 07:16:02.687843,xtreme_champion,45,Arkansas,Leandro Alvarado,xtreme_champion@gmail.com
Grand Odyssey,Edinburgh,5,1473.54,2024-12-17 07:16:02.687848,27,2024-12-22 07:16:02.687848,cool_ace,69,Alabama,Alma Garcia,cool_ace@outlook.com
Radiant Journey,Niagara Falls,2,1444.67,2025-08-22 07:16:02.687853,17,2025-08-24 07:16:02.687853,mystic_x,54,Iowa,Renata Ortiz,mystic_x@outlook.com
Mystical Excursion,Maui,5,481.24,2025-10-16 07:16:02.687859,20,2025-10-21 07:16:02.687859,stealth_ace,41,Virginia,Sebastian Ortiz,stealth_ace@gmail.com
Beautiful Legacy,Hong Kong,5,401.13,2025-05-24 07:16:02.687866,21,2025-05-29 07:16:02.687866,mega_master,46,Delaware,Tristan Ortiz,mega_master@yahoo.com
Legendary Escape,Stockholm,3,246.31,2025-04-16 07:16:02.687872,22,2025-04-19 07:16:02.687872,mega_shooter,34,Virginia,Mariana Nieto,mega_shooter@yahoo.com
Beautiful Excursion,Kyoto,3,1832.75,2025-10-03 07:16:02.687878,17,2025-10-06 07:16:02.687878,thunder_elite,56,Maine,Karla Mendoza,thunder_elite@live.com
Amazing Exploration,Maui,4,542.83,2025-02-15 07:16:02.687883,30,2025-02-19 07:16:02.687883,alpha_hacker,41,Hawaii,Daniela Mendoza,alpha_hacker@outlook.com
Incredible Venture,Kyoto,4,753.91,2025-05-28 07:16:02.687889,49,2025-06-01 07:16:02.687889,semi_force,34,North Dakota,Renata Mendoza,semi_force@live.com
Legendary Challenge,Rome,7,632.96,2025-02-09 07:16:02.687893,44,2025-02-16 07:16:02.687893,power_y,54,Pennsylvania,Leandro Valencia,power_y@gmail.com
Wild Voyage,San Francisco,5,885.89,2025-04-23 07:16:02.687899,43,2025-04-28 07:16:02.687899,cyber_soul,23,California,Andres Vega,cyber_soul@live.com
Vibrant Encounter,New York,1,1456.69,2025-07-18 07:16:02.687904,35,2025-07-19 07:16:02.687904,mighty_king,59,New Jersey,Nicolas Romero,mighty_king@gmail.com
Stunning Path,San Francisco,6,1754.13,2025-04-18 07:16:02.687909,44,2025-04-24 07:16:02.687909,power_warrior,54,Arkansas,Mateo Ruiz,power_warrior@outlook.com
Legendary Journey,Cancun,4,446.94,2025-04-26 07:16:02.687914,21,2025-04-30 07:16:02.687914,pro_quest,63,Hawaii,Manuel Padilla,pro_quest@outlook.com
Timeless Challenge,Buenos Aires,5,1404.18,2025-04-08 07:16:02.687919,36,2025-04-13 07:16:02.687919,cool_champion,48,Pennsylvania,Eli Romero,cool_champion@gmail.com
Epic Trail,Caribe,5,769.87,2025-07-24 07:16:02.687924,5,2025-07-29 07:16:02.687924,storm_snipe,37,Iowa,Janetzy Campos,storm_snipe@yahoo.com
Uncharted Discovery,Singapore,6,1963.0,2025-10-08 07:16:02.687929,39,2025-10-14 07:16:02.687929,mega_champion,63,Nevada,Hugo Diaz,mega_champion@outlook.com
Glorious Quest,Tokyo,5,667.95,2025-05-08 07:16:02.687934,40,2025-05-13 07:16:02.687934,atomic_champ,19,Florida,Victoria Nieto,atomic_champ@live.com
Mysterious Horizon,Buenos Aires,6,113.67,2025-10-13 07:16:02.687939,23,2025-10-19 07:16:02.687939,dark_warrior,58,Missouri,Bianca Castro,dark_warrior@yahoo.com
Grand Challenge,Stockholm,6,1079.72,2025-08-04 07:16:02.687945,32,2025-08-10 07:16:02.687945,fast_one,35,Florida,Nicolas Fuentes,fast_one@live.com
Timeless Horizon,Barcelona,7,386.39,2025-04-04 07:16:02.687950,6,2025-04-11 07:16:02.687950,max_king,67,Washington,Mariana Chavez,max_king@yahoo.com
Incredible Quest,Edinburgh,5,184.54,2025-08-28 07:16:02.687955,33,2025-09-02 07:16:02.687955,ninja_champ,39,Oregon,Ricardo Gomez,ninja_champ@gmail.com
