username,age,state,real_name,email
xtreme_warrior,55,Nevada,Ali Rios,xtreme_warrior@live.com
cyber_z,62,Utah,Salome Nieto,cyber_z@outlook.com
mighty_zero,38,West Virginia,Sebastian Orozco,mighty_zero@yahoo.com
boss_force,65,Missouri,Janetzy Chavez,boss_force@gmail.com
cool_elite,41,Montana,Claudia Acosta,cool_elite@live.com
thunder_123,51,Connecticut,Sofia Mendoza,thunder_123@live.com
xtreme_champion,45,Arkansas,Leandro Alvarado,xtreme_champion@gmail.com
cool_ace,69,Alabama,Alma Garcia,cool_ace@outlook.com

